SPECTRUM - MS,,,
2025-02-25-Xiaowei-08.raw,,,
FTMS + p ESI Full ms [50.00-600.00],,,
Scan #: 65-78,,,
RT: 0.31-0.37,,,
AV: 14,,,
Data points: 20093,,,
Mass,Intensity,rel abund,peak
50.014886,26.030493,0.003876411,TRUE
50.086384,22.989573,0.003423563,TRUE
50.17734,25.257216,0.003761256,TRUE
50.22451,24.048777,0.003581298,TRUE
50.247206,24.390451,0.003632179,TRUE
50.372689,24.59744,0.003663004,TRUE
50.478079,26.446583,0.003938374,TRUE
50.571335,28.376887,0.004225832,TRUE
50.644646,21.866973,0.003256388,TRUE
50.779052,25.796645,0.003841587,TRUE
50.783851,24.856681,0.003701609,TRUE
50.934981,21.708486,0.003232786,TRUE
51.398115,26.306421,0.003917502,TRUE
51.459333,21.643021,0.003223037,TRUE
51.552948,21.374863,0.003183104,TRUE
51.631737,25.044408,0.003729565,TRUE
51.712776,22.124884,0.003294795,TRUE
51.853855,23.588087,0.003512693,TRUE
52.005297,20.94948,0.003119756,TRUE
52.187228,21.333282,0.003176911,TRUE
52.359741,23.213105,0.003456851,TRUE
52.381466,22.069984,0.00328662,TRUE
52.42918,22.526796,0.003354647,TRUE
52.444125,21.590169,0.003215167,TRUE
52.491761,22.969688,0.003420602,TRUE
52.492087,28.532539,0.004249011,TRUE
52.492412,28.675125,0.004270245,TRUE
52.526107,22.823831,0.003398881,TRUE
52.661537,20.483824,0.003050412,TRUE
52.692612,21.159701,0.003151062,TRUE
52.706524,22.114004,0.003293175,TRUE
52.719458,23.242787,0.003461271,TRUE
52.84824,19.85249,0.002956395,TRUE
52.892808,21.915466,0.003263609,TRUE
53.028669,23.743128,0.003535781,TRUE
53.033625,20.864679,0.003107128,TRUE
53.146319,27.977416,0.004166343,TRUE
53.265858,22.497475,0.003350281,TRUE
53.351275,23.864783,0.003553898,TRUE
53.449267,22.447353,0.003342817,TRUE
53.571507,28.626052,0.004262937,TRUE
53.707972,21.295084,0.003171223,TRUE
53.832453,24.364506,0.003628315,TRUE
54.237542,25.664834,0.003821958,TRUE
54.261814,27.589656,0.004108599,TRUE
54.265405,21.180304,0.00315413,TRUE
54.386854,20.917445,0.003114986,TRUE
54.447474,22.514974,0.003352887,TRUE
54.555052,25.924511,0.003860628,TRUE
54.699275,25.429125,0.003786856,TRUE
54.774809,21.13788,0.003147813,TRUE
54.858669,22.415572,0.003338084,TRUE
54.911026,24.310921,0.003620336,TRUE
55.017014,21.580487,0.003213725,TRUE
55.151858,19.147832,0.002851458,TRUE
55.356906,21.733248,0.003236474,TRUE
55.412979,20.042835,0.002984741,TRUE
55.443343,20.347969,0.00303018,TRUE
55.569479,26.371627,0.003927212,TRUE
55.605825,21.862797,0.003255766,TRUE
55.67187,22.022178,0.0032795,TRUE
55.904675,24.894409,0.003707228,TRUE
56.080687,21.920023,0.003264288,TRUE
56.208825,24.996505,0.003722432,TRUE
56.536372,21.831396,0.00325109,TRUE
56.540009,23.371075,0.003480376,TRUE
56.642726,21.586769,0.00321466,TRUE
56.754866,26.475849,0.003942733,TRUE
56.964697,50.378399,0.007502254,TRUE
57.059168,22.192054,0.003304798,TRUE
57.210109,24.855263,0.003701398,TRUE
57.440718,25.000149,0.003722974,TRUE
57.820276,21.040731,0.003133345,TRUE
57.974249,24.68716,0.003676364,TRUE
58.064997,2274.286112,0.338682323,TRUE
58.134146,23.403661,0.003485228,TRUE
58.182529,25.232457,0.003757569,TRUE
58.229262,24.73596,0.003683632,TRUE
58.24295,24.060617,0.003583061,TRUE
58.259877,24.193597,0.003602864,TRUE
58.44752,23.847562,0.003551333,TRUE
58.647982,27.66229,0.004119415,TRUE
58.717983,22.530701,0.003355229,TRUE
58.800645,24.61372,0.003665428,TRUE
58.851987,22.141161,0.003297219,TRUE
58.988777,19.017802,0.002832095,TRUE
59.255008,28.256853,0.004207956,TRUE
59.302453,24.466154,0.003643453,TRUE
59.375587,22.637755,0.003371171,TRUE
59.525011,26.738952,0.003981913,TRUE
59.820014,27.498956,0.004095092,TRUE
59.855458,22.042028,0.003282457,TRUE
59.858034,27.749493,0.004132401,TRUE
59.894107,22.078514,0.00328789,TRUE
59.97112,22.92578,0.003414063,TRUE
59.988408,24.148207,0.003596105,TRUE
60.0443,47.465403,0.007068457,TRUE
60.080542,8781.669499,1.307749366,TRUE
60.998786,23.88469,0.003556862,TRUE
61.007143,141.095858,0.021011724,TRUE
61.010609,54.411489,0.008102855,TRUE
61.021007,21.059582,0.003136153,TRUE
61.028349,214.484899,0.031940679,TRUE
61.039976,20.305236,0.003023817,TRUE
61.0563,24.841356,0.003699327,TRUE
61.084067,103.6773,0.015439425,TRUE
61.322901,24.213192,0.003605782,TRUE
61.358251,19.724168,0.002937285,TRUE
61.396718,22.394724,0.003334979,TRUE
61.564999,26.37678,0.003927979,TRUE
61.764486,22.807164,0.003396399,TRUE
61.76594,23.290167,0.003468327,TRUE
62.046824,22.612429,0.0033674,TRUE
62.106036,26.305036,0.003917295,TRUE
62.405059,25.320059,0.003770615,TRUE
62.515715,26.498752,0.003946143,TRUE
62.760663,20.542838,0.0030592,TRUE
62.805354,24.115322,0.003591207,TRUE
62.902134,23.502045,0.003499879,TRUE
62.92882,75.272855,0.011209489,TRUE
63.624315,20.041613,0.002984559,TRUE
63.705155,21.775331,0.00324274,TRUE
63.997633,270.662221,0.040306498,TRUE
64.133641,23.917514,0.00356175,TRUE
64.283972,21.411274,0.003188526,TRUE
64.607989,21.747493,0.003238595,TRUE
64.844346,23.443115,0.003491104,TRUE
64.861997,26.960892,0.004014964,TRUE
64.963572,21.374961,0.003183118,TRUE
65.182294,23.762968,0.003538736,TRUE
65.223062,25.965646,0.003866754,TRUE
65.296584,20.165535,0.003003013,TRUE
65.299519,20.679459,0.003079545,TRUE
65.368875,22.863376,0.00340477,TRUE
65.492271,21.709633,0.003232957,TRUE
66.055002,20.714895,0.003084822,TRUE
66.110156,20.5547,0.003060966,TRUE
66.300507,21.410656,0.003188434,TRUE
66.313211,23.601495,0.003514689,TRUE
66.62176,21.861208,0.003255529,TRUE
66.643633,29.219368,0.004351292,TRUE
66.644098,30.524484,0.004545648,TRUE
66.669475,26.700657,0.003976211,TRUE
66.730297,22.280718,0.003318002,TRUE
66.74639,24.288098,0.003616937,TRUE
66.790969,21.725792,0.003235363,TRUE
66.851022,25.760254,0.003836168,TRUE
66.866224,25.6516,0.003819987,TRUE
67.029322,23.021837,0.003428368,TRUE
67.26022,20.318553,0.0030258,TRUE
67.42121,19.680455,0.002930776,TRUE
67.607979,25.79992,0.003842075,TRUE
67.635098,21.943276,0.003267751,TRUE
67.767595,24.104923,0.003589659,TRUE
67.959641,21.677699,0.003228201,TRUE
68.031599,23.985408,0.003571861,TRUE
68.049366,318.233942,0.047390788,TRUE
68.341356,24.706868,0.003679299,TRUE
68.467209,26.319384,0.003919432,TRUE
68.679767,20.734092,0.003087681,TRUE
68.996909,25.059649,0.003731835,TRUE
69.002548,21.235145,0.003162297,TRUE
69.044498,48.10435,0.007163607,TRUE
69.069784,192.165856,0.02861697,TRUE
69.370598,21.345397,0.003178716,TRUE
69.391118,26.255967,0.003909988,TRUE
69.882588,21.922434,0.003264647,TRUE
69.917589,20.869254,0.003107809,TRUE
70.012474,261.410106,0.038928691,TRUE
70.06488,854.995611,0.127324305,TRUE
70.089223,22.331734,0.003325599,TRUE
70.186218,23.176486,0.003451398,TRUE
70.436163,20.952706,0.003120237,TRUE
70.698125,21.971053,0.003271887,TRUE
70.770402,21.811147,0.003248074,TRUE
70.863456,23.924606,0.003562806,TRUE
71.14218,24.198312,0.003603566,TRUE
71.312936,23.495802,0.00349895,TRUE
71.525176,24.262392,0.003613109,TRUE
71.658113,21.489598,0.00320019,TRUE
71.752923,23.951293,0.003566781,TRUE
71.8099,22.916049,0.003412614,TRUE
72.060463,23.335768,0.003475118,TRUE
72.080617,3050.692896,0.454303331,TRUE
72.318128,22.410286,0.003337297,TRUE
72.740918,24.782218,0.00369052,TRUE
73.064723,57.420577,0.008550962,TRUE
73.091715,25.304573,0.003768308,TRUE
73.144942,21.647956,0.003223772,TRUE
73.219396,23.095979,0.003439409,TRUE
73.667704,24.107843,0.003590094,TRUE
73.669868,21.72821,0.003235723,TRUE
73.861757,21.747168,0.003238547,TRUE
73.934045,22.658702,0.00337429,TRUE
74.020604,22.756973,0.003388925,TRUE
74.058214,23.807574,0.003545378,TRUE
74.05985,2096.27987,0.312173975,TRUE
74.096399,147.42141,0.021953713,TRUE
74.299546,20.40917,0.003039294,TRUE
74.34587,21.246882,0.003164045,TRUE
74.396904,21.958724,0.003270051,TRUE
74.615625,25.288708,0.003765946,TRUE
74.732394,23.238897,0.003460692,TRUE
74.774974,27.597428,0.004109756,TRUE
74.932892,24.880483,0.003705154,TRUE
74.951765,24.010532,0.003575602,TRUE
75.091311,21.850043,0.003253866,TRUE
75.20334,21.848247,0.003253599,TRUE
75.228177,22.866744,0.003405272,TRUE
75.581117,23.742097,0.003535628,TRUE
76.064094,28.282114,0.004211718,TRUE
76.344404,24.176037,0.003600249,TRUE
76.603603,23.934979,0.003564351,TRUE
76.675071,23.912774,0.003561044,TRUE
76.765913,21.255749,0.003165365,TRUE
77.266411,28.88133,0.004300952,TRUE
77.509301,22.018119,0.003278896,TRUE
78.201968,21.410491,0.003188409,TRUE
78.277166,28.469478,0.00423962,TRUE
78.284573,28.036853,0.004175194,TRUE
78.454637,24.771697,0.003688954,TRUE
78.527521,22.160095,0.003300039,TRUE
78.788053,30.175043,0.004493609,TRUE
79.021027,14528.96363,2.163625377,TRUE
79.054093,117.369697,0.01747847,TRUE
79.496454,24.369672,0.003629085,TRUE
79.500093,72.898965,0.010855974,TRUE
79.502519,26.41771,0.003934075,TRUE
80.020568,41.020928,0.006108758,TRUE
80.024549,211.612215,0.031512885,TRUE
80.047523,21.586531,0.003214625,TRUE
80.049361,511.262891,0.076136288,TRUE
80.07541,24.576116,0.003659828,TRUE
80.096872,21.185735,0.003154939,TRUE
80.153635,23.19168,0.00345366,TRUE
80.164687,25.468222,0.003792679,TRUE
80.361562,23.521604,0.003502792,TRUE
80.658545,22.501674,0.003350906,TRUE
81.017042,609.024526,0.090694763,TRUE
81.044501,1870.523854,0.278554822,TRUE
81.069789,30.253889,0.004505351,TRUE
81.075097,23.873596,0.00355521,TRUE
81.159483,22.452416,0.003343571,TRUE
81.256533,23.760054,0.003538302,TRUE
81.260607,23.169992,0.003450431,TRUE
81.310769,25.114343,0.00373998,TRUE
81.426004,22.538288,0.003356359,TRUE
81.520383,236.675044,0.035245193,TRUE
81.666996,23.546589,0.003506513,TRUE
81.705528,25.331493,0.003772317,TRUE
82.204468,24.220633,0.00360689,TRUE
82.682899,22.350652,0.003328416,TRUE
82.759178,22.666819,0.003375499,TRUE
82.76562,26.052421,0.003879677,TRUE
82.876539,24.85407,0.00370122,TRUE
83.060172,402.635366,0.059959686,TRUE
83.090621,26.28908,0.003914919,TRUE
83.623581,24.917014,0.003710594,TRUE
84.044223,86.235789,0.012842068,TRUE
84.04653,24.303927,0.003619294,TRUE
84.080821,2083.435095,0.310261155,TRUE
84.371818,23.666221,0.003524328,TRUE
84.44414,27.828886,0.004144224,TRUE
84.561444,24.109977,0.003590411,TRUE
84.678327,26.313875,0.003918612,TRUE
84.921859,25.044928,0.003729643,TRUE
85.117039,22.224022,0.003309559,TRUE
85.124094,25.867464,0.003852133,TRUE
85.469184,24.238185,0.003609504,TRUE
85.941324,21.343649,0.003178455,TRUE
86.046738,22.134079,0.003296165,TRUE
86.060056,45.103163,0.006716676,TRUE
86.087386,27.016381,0.004023228,TRUE
86.096271,1578.9902,0.23514019,TRUE
86.136269,23.308682,0.003471084,TRUE
86.227654,27.225451,0.004054362,TRUE
86.361398,23.794783,0.003543473,TRUE
86.442481,21.074563,0.003138383,TRUE
86.513351,22.601275,0.003365738,TRUE
86.52299,23.0998,0.003439978,TRUE
86.739268,24.279719,0.003615689,TRUE
87.0998,33.765677,0.00502832,TRUE
87.110929,26.635561,0.003966517,TRUE
87.250918,31.46235,0.004685313,TRUE
87.256845,24.12752,0.003593024,TRUE
87.416413,22.781214,0.003392535,TRUE
87.497586,20.548676,0.003060069,TRUE
87.656411,21.746629,0.003238466,TRUE
87.695043,25.998362,0.003871626,TRUE
87.833273,23.384159,0.003482324,TRUE
87.84877,23.436557,0.003490127,TRUE
87.966183,22.607572,0.003366676,TRUE
88.075699,114.319138,0.017024187,TRUE
88.219084,24.988747,0.003721276,TRUE
88.391253,25.509938,0.003798891,TRUE
88.461686,36.623989,0.005453974,TRUE
88.50655,26.251824,0.003909371,TRUE
89.038612,76.770823,0.011432564,TRUE
89.059462,41.483877,0.006177699,TRUE
89.088952,24.262088,0.003613064,TRUE
89.424803,24.098025,0.003588632,TRUE
89.581289,25.50208,0.003797721,TRUE
90.054681,23.180161,0.003451945,TRUE
90.146514,26.75642,0.003984515,TRUE
90.152739,24.834601,0.003698321,TRUE
90.222722,24.747763,0.003685389,TRUE
90.30233,24.434235,0.003638699,TRUE
90.323992,26.165457,0.00389651,TRUE
90.376529,22.314345,0.003323009,TRUE
90.52594,60.112199,0.008951793,TRUE
90.652087,26.092771,0.003885685,TRUE
91.054037,500.894601,0.074592263,TRUE
91.164903,30.282214,0.004509569,TRUE
91.356977,26.55495,0.003954512,TRUE
91.370426,25.36669,0.003777559,TRUE
91.799365,25.150815,0.003745411,TRUE
91.92479,23.9363,0.003564548,TRUE
92.057651,31.671764,0.004716498,TRUE
92.385747,21.994985,0.003275451,TRUE
92.743487,25.023038,0.003726383,TRUE
92.871235,23.8381,0.003549924,TRUE
93.044537,46.024568,0.00685389,TRUE
93.069882,53.179471,0.007919385,TRUE
93.301159,22.604846,0.00336627,TRUE
93.504669,22.540182,0.003356641,TRUE
93.690609,22.021575,0.003279411,TRUE
94.039965,98.797211,0.014712691,TRUE
94.064938,63.66412,0.009480739,TRUE
94.666498,24.706013,0.003679172,TRUE
95.023709,274.498442,0.040877781,TRUE
95.049075,84.296197,0.012553228,TRUE
95.060176,4258.625201,0.634186291,TRUE
95.085556,193.397872,0.02880044,TRUE
95.092696,23.07758,0.003436669,TRUE
95.273449,22.858367,0.003404024,TRUE
95.441155,25.707522,0.003828315,TRUE
95.470679,24.385873,0.003631497,TRUE
95.57412,27.534532,0.00410039,TRUE
95.995202,22.995124,0.00342439,TRUE
96.063639,89.603426,0.01334357,TRUE
96.125698,27.29952,0.004065392,TRUE
96.201943,24.900313,0.003708107,TRUE
96.285958,25.319396,0.003770516,TRUE
96.36887,24.779451,0.003690108,TRUE
96.436491,22.496239,0.003350097,TRUE
96.505401,20.811016,0.003099137,TRUE
96.727629,21.97501,0.003272476,TRUE
96.819669,23.486289,0.003497533,TRUE
96.921637,27.675863,0.004121436,TRUE
97.064663,93.605765,0.013939591,TRUE
97.07571,103.094691,0.015352664,TRUE
97.210466,21.816528,0.003248875,TRUE
97.402228,28.979618,0.004315589,TRUE
97.746105,24.765259,0.003687995,TRUE
97.99587,23.327935,0.003473951,TRUE
98.400915,22.115518,0.0032934,TRUE
98.552251,22.164103,0.003300636,TRUE
98.808056,21.799805,0.003246385,TRUE
99.054736,22.718557,0.003383204,TRUE
99.063593,21.728394,0.003235751,TRUE
99.557249,24.197995,0.003603519,TRUE
99.904494,23.636302,0.003519873,TRUE
100.01437,25.076525,0.003734348,TRUE
100.075586,152.537394,0.022715576,TRUE
100.112,515.310484,0.076739048,TRUE
100.203336,21.51549,0.003204045,TRUE
100.618272,23.759324,0.003538193,TRUE
100.960238,21.131332,0.003146837,TRUE
100.964144,21.775674,0.003242792,TRUE
101.00278,150.628071,0.022431243,TRUE
101.05969,42.505136,0.006329783,TRUE
101.142317,22.515891,0.003353023,TRUE
101.271244,24.732138,0.003683063,TRUE
101.327508,24.584352,0.003661055,TRUE
101.330999,20.655559,0.003075986,TRUE
101.404348,25.149103,0.003745156,TRUE
101.683626,20.619887,0.003070674,TRUE
101.738478,22.174862,0.003302238,TRUE
101.810952,22.90303,0.003410675,TRUE
101.901982,209.150679,0.031146318,TRUE
101.906383,47.655869,0.007096821,TRUE
101.911224,24.364546,0.003628321,TRUE
101.950846,25.003283,0.003723441,TRUE
102.041183,23.728405,0.003533589,TRUE
102.054854,24.805222,0.003693946,TRUE
102.072498,27.198818,0.004050396,TRUE
102.091029,152.727607,0.022743902,TRUE
102.127666,1866.689496,0.277983817,TRUE
102.173599,31.024792,0.004620152,TRUE
102.3541,21.17307,0.003153053,TRUE
102.583065,167.914769,0.025005545,TRUE
102.587066,53.284575,0.007935037,TRUE
102.80299,23.382974,0.003482148,TRUE
103.038833,117.373263,0.017479001,TRUE
103.054048,396.46941,0.059041464,TRUE
103.131068,34.97198,0.00520796,TRUE
103.147199,22.535953,0.003356011,TRUE
103.332534,22.919728,0.003413162,TRUE
103.408967,27.954165,0.004162881,TRUE
103.57832,21.600781,0.003216747,TRUE
103.916917,24.250172,0.003611289,TRUE
103.955447,72.126954,0.010741008,TRUE
103.966784,205.469785,0.030598166,TRUE
104.106603,671510.1322,100,TRUE
104.113419,243.028783,0.03619138,TRUE
104.114328,157.912132,0.023515972,TRUE
104.247159,386.286535,0.057525049,TRUE
104.456472,23.645826,0.003521291,TRUE
104.927555,23.557732,0.003508172,TRUE
105.069778,30.657479,0.004565453,TRUE
105.103881,2560.570784,0.381315286,TRUE
105.110334,36151.85236,5.383664464,TRUE
105.415258,23.865175,0.003553956,TRUE
105.526468,24.790746,0.00369179,TRUE
105.641106,21.169668,0.003152546,TRUE
105.659223,53.165277,0.007917271,TRUE
105.663405,194.579616,0.028976423,TRUE
106.049652,84.198987,0.012538752,TRUE
106.108076,22.728877,0.003384741,TRUE
106.110881,1303.113346,0.194057138,TRUE
106.113687,700.826389,0.104365721,TRUE
106.384018,164.682945,0.024524268,TRUE
106.505229,22.859192,0.003404147,TRUE
106.535329,26.946704,0.004012851,TRUE
106.602629,20.86737,0.003107529,TRUE
106.817663,23.171686,0.003450683,TRUE
107.021034,23.503038,0.003500027,TRUE
107.085476,53.631355,0.007986678,TRUE
108.080771,638.730253,0.095118483,TRUE
108.259806,24.421392,0.003636787,TRUE
108.27089,25.44222,0.003788807,TRUE
108.4475,23.124082,0.003443594,TRUE
108.476494,25.201503,0.003752959,TRUE
108.936627,27.433808,0.00408539,TRUE
109.064664,28.705509,0.004274769,TRUE
109.101217,96.948923,0.014437448,TRUE
109.159741,22.337701,0.003326488,TRUE
109.722994,22.726683,0.003384414,TRUE
109.795307,24.366303,0.003628583,TRUE
110.070945,678.954906,0.101108661,TRUE
111.058665,23.500856,0.003499702,TRUE
111.628625,25.021866,0.003726208,TRUE
111.892464,21.502508,0.003202112,TRUE
112.02169,133.492825,0.019879495,TRUE
112.050607,13779.39129,2.052000503,TRUE
112.086642,6159.73115,0.91729534,TRUE
112.112028,5994.694461,0.892718393,TRUE
112.636412,24.636892,0.003668879,TRUE
112.895622,198.598572,0.029574918,TRUE
113.029162,141.018339,0.02100018,TRUE
113.034302,45.927385,0.006839418,TRUE
113.04767,70.157136,0.010447666,TRUE
113.053841,488.025602,0.072675836,TRUE
113.083672,26.003105,0.003872332,TRUE
113.09036,133.158634,0.019829728,TRUE
113.093447,27.114495,0.004037839,TRUE
113.10734,26.309597,0.003917975,TRUE
113.11506,264.58467,0.039401441,TRUE
113.226307,22.734331,0.003385553,TRUE
113.894131,27.960298,0.004163794,TRUE
114.091459,216.997196,0.032314806,TRUE
114.482942,23.79394,0.003543348,TRUE
114.778009,22.680195,0.003377491,TRUE
115.026178,73.338712,0.01092146,TRUE
115.031456,28.481364,0.00424139,TRUE
115.054154,653.256904,0.097281764,TRUE
115.075275,1674.703023,0.24939356,TRUE
115.700428,25.199102,0.003752602,TRUE
116.070265,3158.874596,0.470413542,TRUE
116.07829,24.177562,0.003600476,TRUE
116.20412,22.892328,0.003409082,TRUE
116.50856,23.608159,0.003515682,TRUE
116.591454,22.678304,0.00337721,TRUE
116.890391,25.505815,0.003798277,TRUE
117.054375,161.785412,0.024092773,TRUE
117.057084,42.802534,0.006374071,TRUE
117.069546,122.739354,0.018278109,TRUE
117.073881,72.127213,0.010741046,TRUE
117.333887,28.424956,0.00423299,TRUE
117.656975,26.538257,0.003952026,TRUE
117.761323,26.516495,0.003948786,TRUE
117.837349,24.459713,0.003642494,TRUE
118.086179,71582.7196,10.65996121,TRUE
118.093865,36.256043,0.00539918,TRUE
118.319279,25.407022,0.003783565,TRUE
118.682392,24.252084,0.003611574,TRUE
118.888973,22.390498,0.00333435,TRUE
118.965539,28.753552,0.004281924,TRUE
119.034956,224.459576,0.033426089,TRUE
119.053848,23.100016,0.00344001,TRUE
119.083306,47.931902,0.007137927,TRUE
119.08553,45.131779,0.006720938,TRUE
119.089422,3847.731099,0.57299673,TRUE
119.843532,23.367008,0.00347977,TRUE
120.065534,167.209858,0.024900571,TRUE
120.080732,3577.633638,0.532774335,TRUE
120.090302,30.157093,0.004490936,TRUE
120.180994,30.334962,0.004517424,TRUE
120.625796,23.525599,0.003503387,TRUE
121.039454,72.537808,0.010802191,TRUE
121.083901,199.056557,0.02964312,TRUE
121.101003,38.878651,0.005789734,TRUE
121.107844,23.435716,0.003490002,TRUE
121.9659,149.669307,0.022288466,TRUE
122.070841,18406.78174,2.741102607,TRUE
122.096231,1305.331303,0.194387432,TRUE
122.543593,24.14434,0.003595529,TRUE
122.858153,25.122899,0.003741254,TRUE
123.06756,52.142667,0.007764986,TRUE
123.074569,1219.90761,0.1816663,TRUE
123.079241,337.291211,0.05022876,TRUE
123.099689,79.556071,0.011847337,TRUE
123.116635,51.679674,0.007696038,TRUE
123.141768,29.032215,0.004323422,TRUE
123.279844,22.188335,0.003304244,TRUE
123.604887,24.670416,0.003673871,TRUE
123.933578,21.763294,0.003240948,TRUE
123.964275,30.675167,0.004568087,TRUE
124.252916,22.435144,0.003340999,TRUE
124.55981,23.886077,0.003557069,TRUE
124.665735,21.483854,0.003199334,TRUE
125.106951,28.334757,0.004219558,TRUE
126.03759,37.750803,0.005621777,TRUE
126.337151,26.522205,0.003949636,TRUE
126.518375,21.86614,0.003256264,TRUE
126.892389,22.400228,0.003335799,TRUE
127.0503,126.093187,0.018777555,TRUE
127.053976,22.126725,0.003295069,TRUE
127.104841,22.969792,0.003420617,TRUE
127.479613,25.162148,0.003747099,TRUE
127.638622,25.286009,0.003765544,TRUE
127.943913,23.016744,0.003427609,TRUE
127.977351,26.212699,0.003903545,TRUE
128.061624,100.889278,0.015024238,TRUE
128.107513,45.69242,0.006804427,TRUE
128.228556,27.636328,0.004115549,TRUE
128.612056,23.902957,0.003559582,TRUE
128.651375,22.654379,0.003373647,TRUE
128.662612,24.985369,0.003720773,TRUE
129.051826,190.543819,0.02837542,TRUE
129.090719,187.372406,0.027903139,TRUE
129.138418,3700.861018,0.551125119,TRUE
129.247095,23.567296,0.003509596,TRUE
130.04975,219.562809,0.032696872,TRUE
130.064978,387.749887,0.057742969,TRUE
130.085921,724.83666,0.107941284,TRUE
130.097347,98.800543,0.014713187,TRUE
130.141794,150.841115,0.022462969,TRUE
130.158944,765.054867,0.113930502,TRUE
131.072774,67.31361,0.010024214,TRUE
131.216047,25.600417,0.003812365,TRUE
132.065055,863.918192,0.128653039,TRUE
132.102071,7483.413178,1.114415527,TRUE
132.861382,24.359202,0.003627526,TRUE
133.031882,113.949575,0.016969152,TRUE
133.059455,1174.640436,0.174925199,TRUE
133.096889,158.701147,0.02363347,TRUE
133.105429,366.592236,0.054592212,TRUE
133.356078,22.984796,0.003422852,TRUE
133.526871,25.305429,0.003768436,TRUE
133.561201,110.587766,0.016468518,TRUE
133.646424,22.872953,0.003406196,TRUE
133.952308,26.183706,0.003899227,TRUE
134.032595,59.734833,0.008895597,TRUE
134.862219,23.622038,0.003517749,TRUE
135.116505,29.165623,0.004343289,TRUE
135.984038,23.128586,0.003444265,TRUE
136.030179,36.022099,0.005364342,TRUE
136.061405,19066.66643,2.839371368,TRUE
136.111661,314.140119,0.046781144,TRUE
136.790116,26.373953,0.003927558,TRUE
136.962065,23.918089,0.003561836,TRUE
137.045759,2678.23806,0.398838071,TRUE
137.059487,612.010172,0.09113938,TRUE
137.064978,851.149143,0.126751497,TRUE
137.095875,45.573359,0.006786697,TRUE
137.630317,24.487573,0.003646642,TRUE
137.704255,22.084477,0.003288778,TRUE
137.722921,23.590591,0.003513066,TRUE
138.063039,62.307335,0.009278689,TRUE
138.091497,68.11634,0.010143755,TRUE
138.581515,26.848223,0.003998186,TRUE
138.712813,27.942773,0.004161184,TRUE
138.756155,26.550387,0.003953833,TRUE
139.050293,160.868009,0.023956155,TRUE
139.111339,28.504667,0.00424486,TRUE
140.012732,26.715494,0.00397842,TRUE
140.06803,947.32079,0.141073194,TRUE
140.081505,25.790659,0.003840695,TRUE
140.0964,21.936382,0.003266724,TRUE
140.516583,27.621472,0.004113337,TRUE
140.599278,24.238133,0.003609496,TRUE
141.384213,24.456765,0.003642055,TRUE
141.840554,25.449178,0.003789843,TRUE
142.155436,26.10198,0.003887057,TRUE
142.384835,23.734905,0.003534556,TRUE
142.686219,24.806669,0.003694162,TRUE
143.072715,99.984087,0.014889438,TRUE
143.078572,23.059544,0.003433983,TRUE
143.338838,25.230523,0.003757281,TRUE
144.047702,10198.22667,1.518700341,TRUE
144.065454,459.613793,0.068444804,TRUE
144.080989,734.510456,0.109381887,TRUE
144.101708,118.702503,0.017676949,TRUE
144.661301,21.798734,0.003246226,TRUE
144.981893,284.674797,0.042393224,TRUE
145.050624,431.998391,0.064332371,TRUE
145.064824,141.960765,0.021140525,TRUE
145.084259,29.230216,0.004352908,TRUE
145.228653,22.864212,0.003404895,TRUE
145.297558,21.712281,0.003233351,TRUE
145.889766,29.372987,0.004374169,TRUE
146.042913,350.354951,0.052174187,TRUE
146.059525,30.36733,0.004522244,TRUE
146.081427,346.833027,0.051649709,TRUE
146.096534,707.912131,0.105420916,TRUE
146.117688,226.020799,0.033658584,TRUE
146.165302,28154.47563,4.192710472,TRUE
146.240172,24.143825,0.003595452,TRUE
146.464367,25.309632,0.003769062,TRUE
146.725566,26.197558,0.00390129,TRUE
146.979841,114.187309,0.017004555,TRUE
147.11257,466.122239,0.069414029,TRUE
147.162198,77.464765,0.011535904,TRUE
147.168308,2223.266253,0.331084543,TRUE
147.577005,21.418931,0.003189666,TRUE
148.042872,157.224241,0.023413532,TRUE
148.56671,24.897968,0.003707758,TRUE
148.894938,23.918481,0.003561894,TRUE
148.899602,25.99695,0.003871416,TRUE
149.023266,522.870036,0.077864802,TRUE
149.05985,68.843191,0.010251996,TRUE
149.121373,24.195664,0.003603172,TRUE
149.92308,22.416264,0.003338187,TRUE
150.006357,117.871707,0.017553228,TRUE
150.058243,928.964063,0.138339545,TRUE
150.127467,202.968541,0.030225686,TRUE
150.206977,24.888708,0.003706379,TRUE
150.732061,25.183226,0.003750238,TRUE
151.061141,26.407988,0.003932627,TRUE
151.096889,22.603038,0.003366001,TRUE
151.111192,70.94679,0.01056526,TRUE
151.212959,23.050248,0.003432599,TRUE
151.985916,28.202279,0.004199829,TRUE
152.056478,1796.819712,0.267578943,TRUE
152.684879,49.432087,0.007361332,TRUE
152.774507,25.437905,0.003788164,TRUE
153.060065,53.258484,0.007931151,TRUE
153.066546,25.735137,0.003832427,TRUE
154.037629,23.039374,0.003430979,TRUE
154.064621,53.211619,0.007924172,TRUE
154.085893,199.640277,0.029730047,TRUE
154.097349,57.386103,0.008545828,TRUE
154.121902,29.528073,0.004397264,TRUE
155.106367,25.130492,0.003742385,TRUE
155.217988,23.141651,0.00344621,TRUE
156.041907,3275.072382,0.487717493,TRUE
156.076935,977.543278,0.145573869,TRUE
156.137846,88.713419,0.013211032,TRUE
157.045697,24.200517,0.003603895,TRUE
157.08359,126.373975,0.01881937,TRUE
158.039654,62.68028,0.009334227,TRUE
158.060054,26.611032,0.003962864,TRUE
158.091512,102.494685,0.015263312,TRUE
158.096614,758.676656,0.112980671,TRUE
158.154457,29.827987,0.004441927,TRUE
158.537185,25.849451,0.003849451,TRUE
159.027633,77.48427,0.011538809,TRUE
159.067962,334.511226,0.04981477,TRUE
159.099722,25.200183,0.003752763,TRUE
160.076012,448.550843,0.066797331,TRUE
160.237286,24.287592,0.003616862,TRUE
160.421401,24.640506,0.003669417,TRUE
160.808031,26.520836,0.003949432,TRUE
161.096298,25.972556,0.003867783,TRUE
161.201314,23.687287,0.003527465,TRUE
161.287154,29.660612,0.004417001,TRUE
161.850309,27.53495,0.004100452,TRUE
162.112241,67681.34752,10.07897637,TRUE
163.075445,731.541013,0.108939684,TRUE
163.103957,25.202776,0.003753149,TRUE
163.109304,205.734681,0.030637614,TRUE
163.115542,4898.918179,0.729537492,TRUE
163.756419,23.657343,0.003523006,TRUE
163.924186,24.306721,0.00361971,TRUE
163.936757,22.838117,0.003401009,TRUE
164.069733,32.733712,0.004874642,TRUE
164.078724,28.145885,0.004191431,TRUE
164.116493,322.437413,0.048016761,TRUE
164.472342,23.885144,0.00355693,TRUE
164.51115,28.116346,0.004187032,TRUE
164.938945,23.576518,0.00351097,TRUE
165.945778,26.514165,0.003948439,TRUE
166.085785,2977.097731,0.44334368,TRUE
167.082826,33.34728,0.004966013,TRUE
167.089294,202.118653,0.030099122,TRUE
167.100382,22.267531,0.003316038,TRUE
167.868141,23.201733,0.003455158,TRUE
168.080482,100.909444,0.015027241,TRUE
168.184004,23.656043,0.003522813,TRUE
169.075813,111.681239,0.016631356,TRUE
169.086159,46.902696,0.006984659,TRUE
170.060087,212.409647,0.031631637,TRUE
170.096144,103.656614,0.015436344,TRUE
170.299417,25.316306,0.003770056,TRUE
171.026187,96.92349,0.01443366,TRUE
171.067338,35.822296,0.005334588,TRUE
171.148726,795.263356,0.118429093,TRUE
172.243016,29.799013,0.004437612,TRUE
172.367832,30.003353,0.004468042,TRUE
172.443369,24.057353,0.003582575,TRUE
173.078671,152.944568,0.022776212,TRUE
173.350763,23.192533,0.003453787,TRUE
173.471899,26.134879,0.003891956,TRUE
173.74394,26.695378,0.003975424,TRUE
174.038228,200.067868,0.029793723,TRUE
174.054926,125.729996,0.01872347,TRUE
174.091279,2566.974659,0.382268939,TRUE
174.127643,365.057888,0.05436372,TRUE
174.348035,24.674928,0.003674543,TRUE
174.410096,26.934105,0.004010975,TRUE
175.001824,42.377681,0.006310803,TRUE
175.094957,247.178809,0.036809394,TRUE
175.118747,11458.98268,1.706449706,TRUE
175.172293,23.801132,0.003544419,TRUE
175.299315,30.004313,0.004468185,TRUE
175.509005,27.95707,0.004163313,TRUE
175.56671,21.758104,0.003240175,TRUE
175.895579,24.134631,0.003594083,TRUE
175.916538,28.920867,0.00430684,TRUE
176.006405,23.146866,0.003446987,TRUE
176.128336,18387.80329,2.738276373,TRUE
176.843472,25.013491,0.003724961,TRUE
177.072066,22.684222,0.003378091,TRUE
177.131553,1617.851473,0.240927336,TRUE
177.852813,23.127813,0.00344415,TRUE
177.884272,24.913349,0.003710048,TRUE
178.10777,28.375976,0.004225696,TRUE
178.133194,88.263462,0.013144025,TRUE
178.158624,131.450256,0.01957532,TRUE
178.642822,26.250307,0.003909145,TRUE
178.768525,25.113893,0.003739913,TRUE
179.498789,26.590771,0.003959847,TRUE
180.04736,23.955632,0.003567427,TRUE
180.102148,7817.756025,1.164205222,TRUE
180.237676,25.639916,0.003818247,TRUE
180.483258,26.066597,0.003881788,TRUE
181.105146,684.340569,0.101910684,TRUE
181.262686,22.348294,0.003328065,TRUE
181.567917,27.783041,0.004137397,TRUE
181.759602,24.020805,0.003577132,TRUE
182.080803,82.725512,0.012319324,TRUE
182.129162,24.474934,0.00364476,TRUE
182.180696,27.343032,0.004071872,TRUE
182.337535,24.706644,0.003679266,TRUE
182.421828,25.904201,0.003857604,TRUE
183.132199,26.505348,0.003947126,TRUE
183.674094,23.326444,0.003473729,TRUE
183.952347,25.464659,0.003792148,TRUE
184.070876,36.791689,0.005478948,TRUE
184.108274,155.182635,0.0231095,TRUE
184.725377,25.795452,0.003841409,TRUE
185.081401,23.880717,0.003556271,TRUE
185.114798,66.530815,0.009907641,TRUE
186.009075,308.50632,0.045942169,TRUE
186.091583,4420.365333,0.658272321,TRUE
186.220883,602.213858,0.089680532,TRUE
187.00499,23.912179,0.003560956,TRUE
187.087066,110.627091,0.016474374,TRUE
187.094729,479.689984,0.071434512,TRUE
187.361045,36.319866,0.005408685,TRUE
187.747829,33.262512,0.004953389,TRUE
188.006718,87.418675,0.013018221,TRUE
188.070697,6187.638961,0.921451318,TRUE
188.77884,26.056088,0.003880223,TRUE
189.073226,592.661318,0.088257986,TRUE
189.102147,29.596061,0.004407389,TRUE
190.012062,245.249952,0.036522152,TRUE
190.086036,2752.120248,0.409840465,TRUE
191.015493,22.961865,0.003419437,TRUE
191.090054,248.709111,0.037037283,TRUE
191.103615,34.214989,0.00509523,TRUE
191.857391,23.981924,0.003571342,TRUE
192.042831,26.004799,0.003872585,TRUE
192.063326,28.114178,0.004186709,TRUE
192.122551,36.637494,0.005455985,TRUE
192.45449,29.28849,0.004361586,TRUE
193.122101,24.479761,0.003645479,TRUE
194.270715,23.718574,0.003532125,TRUE
194.811641,25.6487,0.003819555,TRUE
194.924521,29.816112,0.004440158,TRUE
195.122589,85.554321,0.012740585,TRUE
195.430776,31.846936,0.004742585,TRUE
195.920234,25.185221,0.003750535,TRUE
195.942526,28.861205,0.004297955,TRUE
197.166166,26.672671,0.003972043,TRUE
197.221843,22.982749,0.003422547,TRUE
197.252652,24.126583,0.003592884,TRUE
197.744217,25.12593,0.003741705,TRUE
198.19703,28.153117,0.004192508,TRUE
199.010018,23.503164,0.003500046,TRUE
200.067501,300.293468,0.044719127,TRUE
201.101712,1104.930222,0.164544088,TRUE
201.120013,22.762433,0.003389738,TRUE
202.068985,27.915922,0.004157186,TRUE
202.086189,58.271853,0.008677733,TRUE
202.105854,103.229312,0.015372711,TRUE
202.180853,28.466286,0.004239145,TRUE
202.191922,25.269506,0.003763086,TRUE
203.117535,4056.078575,0.604023436,TRUE
204.121861,507.718436,0.075608455,TRUE
204.205474,25.38683,0.003780558,TRUE
204.526678,26.179297,0.003898571,TRUE
204.864947,23.928442,0.003563378,TRUE
205.083387,25.372801,0.003778469,TRUE
206.103612,234.62056,0.034939243,TRUE
206.160585,269.360735,0.040112684,TRUE
206.16565,205.014059,0.0305303,TRUE
208.275003,24.957298,0.003716593,TRUE
208.287862,25.671607,0.003822966,TRUE
208.394639,22.982241,0.003422471,TRUE
208.924588,22.391762,0.003334538,TRUE
209.114622,71.892791,0.010706136,TRUE
209.153437,47.019347,0.007002031,TRUE
210.075208,108.010821,0.016084764,TRUE
210.227691,24.694955,0.003677525,TRUE
210.704451,26.477786,0.003943021,TRUE
211.000465,23.536839,0.003505061,TRUE
211.205156,28.732606,0.004278805,TRUE
212.06918,26.752967,0.003984,TRUE
212.237065,27.144988,0.00404238,TRUE
212.422367,31.484706,0.004688642,TRUE
212.572109,22.928627,0.003414487,TRUE
212.901301,27.074367,0.004031863,TRUE
213.074167,52.92512,0.007881507,TRUE
213.146035,67.888565,0.010109835,TRUE
213.387191,25.958577,0.003865701,TRUE
213.495244,24.702638,0.003678669,TRUE
214.086316,315.430268,0.04697327,TRUE
214.252578,54.522796,0.00811943,TRUE
214.868356,27.185776,0.004048454,TRUE
215.015297,29.015825,0.004320981,TRUE
215.081402,129.75811,0.019323329,TRUE
215.11784,314.797635,0.04687906,TRUE
215.125939,660.798719,0.098404877,TRUE
216.016875,28.062721,0.004179047,TRUE
216.414019,28.838028,0.004294504,TRUE
217.096607,72.311802,0.010768535,TRUE
217.104818,268.671984,0.040010116,TRUE
217.628523,23.494389,0.003498739,TRUE
217.636764,26.401554,0.003931669,TRUE
218.185833,2502.131596,0.372612635,TRUE
218.754975,28.36219,0.004223643,TRUE
219.190235,131.6329,0.019602519,TRUE
219.858116,23.925535,0.003562945,TRUE
220.096786,121.508686,0.01809484,TRUE
220.119138,63.496198,0.009455732,TRUE
220.193202,21.71628,0.003233947,TRUE
220.323254,23.859257,0.003553075,TRUE
221.186181,92043.89259,13.70699982,TRUE
221.205883,37.835456,0.005634383,TRUE
222.075422,745.127783,0.110962999,TRUE
222.098075,28.688016,0.004272164,TRUE
222.188725,9718.143438,1.447207268,TRUE
222.81629,25.614904,0.003814522,TRUE
223.062645,68.240558,0.010162253,TRUE
223.079748,39.374545,0.005863582,TRUE
223.094003,538.954332,0.080260045,TRUE
223.190968,866.658359,0.129061099,TRUE
224.090904,136.851597,0.020379677,TRUE
224.716463,22.684357,0.003378111,TRUE
225.179764,25.430018,0.003786989,TRUE
225.195666,209.441852,0.031189679,TRUE
225.286772,24.320943,0.003621828,TRUE
226.110675,24.452879,0.003641476,TRUE
226.180507,98.305601,0.014639481,TRUE
226.225625,24.838429,0.003698891,TRUE
227.035662,58.994698,0.008785377,TRUE
227.174753,39.333469,0.005857465,TRUE
228.097442,41.642839,0.006201372,TRUE
228.196213,50.029598,0.007450312,TRUE
228.231609,94.612367,0.014089492,TRUE
228.255212,25.879693,0.003853954,TRUE
228.26849,100.232267,0.014926397,TRUE
229.031694,69.808321,0.010395721,TRUE
229.096951,98.150546,0.014616391,TRUE
229.142943,128.932892,0.019200439,TRUE
229.625962,29.880714,0.004449779,TRUE
230.247952,924.394558,0.137659063,TRUE
230.596593,27.010287,0.00402232,TRUE
231.099246,37.446256,0.005576425,TRUE
231.112772,2082.789092,0.310164954,TRUE
231.240584,22.318976,0.003323699,TRUE
232.115546,281.898965,0.041979853,TRUE
232.166991,129.146043,0.019232181,TRUE
233.077663,83.860641,0.012488366,TRUE
233.9738,26.778742,0.003987839,TRUE
234.14537,27.677169,0.004121631,TRUE
235.056927,28.989685,0.004317088,TRUE
235.101642,33.690172,0.005017076,TRUE
235.164882,620.862627,0.092457671,TRUE
236.028102,92.804644,0.013820289,TRUE
236.091716,729.255966,0.108599399,TRUE
236.206596,25.923982,0.00386055,TRUE
239.150373,1908.735374,0.284245208,TRUE
240.062698,25.26769,0.003762816,TRUE
240.153422,49.022175,0.007300288,TRUE
240.231453,112.51698,0.016755813,TRUE
240.374876,25.413424,0.003784518,TRUE
242.283376,869.685822,0.129511943,TRUE
242.994799,26.807791,0.003992165,TRUE
243.182878,5399.401087,0.804068446,TRUE
243.286739,41.318854,0.006153124,TRUE
244.064562,25.37424,0.003778683,TRUE
244.092293,173.216116,0.025795012,TRUE
244.186943,486.127941,0.07239324,TRUE
244.273482,25.259922,0.003761659,TRUE
245.079022,144.978555,0.021589928,TRUE
245.128269,197.453506,0.029404397,TRUE
245.179173,1629.777543,0.242703344,TRUE
245.611677,26.277048,0.003913128,TRUE
246.060187,30.220605,0.004500394,TRUE
246.18242,326.315291,0.048594247,TRUE
246.241918,27.926489,0.004158759,TRUE
246.71039,26.620054,0.003964207,TRUE
247.140305,208.958008,0.031117625,TRUE
247.153602,251.342407,0.037429429,TRUE
247.241723,192.823079,0.028714843,TRUE
248.125527,29.082372,0.004330891,TRUE
248.210822,545.373699,0.081216004,TRUE
248.245956,29.17399,0.004344535,TRUE
249.157025,54.373451,0.00809719,TRUE
249.182264,86.989053,0.012954243,TRUE
249.811105,27.220231,0.004053585,TRUE
249.971645,25.946135,0.003863849,TRUE
250.483025,30.680446,0.004568873,TRUE
251.184907,179.33214,0.026705798,TRUE
252.268126,6616.458458,0.985310294,TRUE
252.288696,31.813602,0.004737621,TRUE
253.27213,1141.69278,0.170018697,TRUE
254.24745,30.430046,0.004531584,TRUE
256.080028,27.509809,0.004096708,TRUE
256.262445,95.843422,0.014272818,TRUE
257.147465,1020.553549,0.151978876,TRUE
258.264198,24.313736,0.003620755,TRUE
258.278403,403.745937,0.06012507,TRUE
261.130482,181.096588,0.026968556,TRUE
261.170201,326.1636,0.048571657,TRUE
261.21354,28.253713,0.004207489,TRUE
263.244464,1115.649513,0.166140384,TRUE
264.26882,4708.31409,0.701153097,TRUE
265.110712,57574.26182,8.573848563,TRUE
265.212304,2782.855254,0.414417463,TRUE
265.25111,503.156974,0.074929171,TRUE
265.27144,816.838177,0.121641973,TRUE
266.073565,26.820262,0.003994022,TRUE
266.114417,7387.38989,1.100115923,TRUE
266.151563,40.169077,0.005981902,TRUE
266.171996,112.295484,0.016722828,TRUE
266.214729,170.688376,0.025418585,TRUE
266.24632,26.053449,0.00387983,TRUE
267.107024,2556.866495,0.380763651,TRUE
267.11823,233.646242,0.03479415,TRUE
268.11083,193.786665,0.028858338,TRUE
268.263016,622.871312,0.0927568,TRUE
269.135414,1639.956098,0.244219114,TRUE
269.267681,27.826723,0.004143902,TRUE
270.13929,133.414388,0.019867815,TRUE
270.316021,1128.350511,0.168031792,TRUE
271.318868,23.624374,0.003518096,TRUE
273.121117,811.720837,0.120879909,TRUE
273.167465,2101.805007,0.312996767,TRUE
274.170699,88.643975,0.013200691,TRUE
274.273658,500.994302,0.07460711,TRUE
274.31447,25.904929,0.003857712,TRUE
275.120896,24.669568,0.003673745,TRUE
275.290814,28.12537,0.004188376,TRUE
276.191856,53.084788,0.007905285,TRUE
276.266487,24.68913,0.003676658,TRUE
277.053922,37.972837,0.005654842,TRUE
277.103248,159.866666,0.023807037,TRUE
277.666501,29.805914,0.00443864,TRUE
277.973553,28.203278,0.004199978,TRUE
278.20765,140.208217,0.020879539,TRUE
279.053252,24.250927,0.003611402,TRUE
279.156979,27.508584,0.004096526,TRUE
279.190902,2849.57925,0.424353872,TRUE
279.348626,27.281681,0.004062736,TRUE
280.195426,105.726972,0.015744658,TRUE
280.263658,31.436724,0.004681497,TRUE
280.552915,31.463464,0.004685479,TRUE
281.647692,27.90986,0.004156283,TRUE
281.819645,28.320474,0.004217431,TRUE
282.048487,172.104331,0.025629447,TRUE
282.241091,53.731968,0.008001662,TRUE
282.255291,104.421141,0.015550196,TRUE
282.277607,154538.3255,23.01355081,TRUE
282.901496,26.277151,0.003913143,TRUE
283.152038,1375.644833,0.204858388,TRUE
283.282533,31196.49087,4.645721542,TRUE
284.08174,25.82968,0.003846506,TRUE
284.100176,38.928697,0.005797187,TRUE
284.153445,86.197575,0.012836377,TRUE
284.284633,3074.273972,0.457814979,TRUE
284.32975,1767.045918,0.263145086,TRUE
284.880219,26.03718,0.003877407,TRUE
285.11074,641.844941,0.095582317,TRUE
285.184895,26.007417,0.003872975,TRUE
285.287937,79.750466,0.011876286,TRUE
285.333293,211.843282,0.031547295,TRUE
286.273767,103.068282,0.015348731,TRUE
286.308996,117.572641,0.017508692,TRUE
287.14603,26.289629,0.003915001,TRUE
289.140084,79.157341,0.011787959,TRUE
289.274741,32.803823,0.004885082,TRUE
290.268632,210.040487,0.031278826,TRUE
291.069987,319.006847,0.047505887,TRUE
291.129478,1644.914576,0.244957521,TRUE
291.325079,24.862723,0.003702509,TRUE
292.132952,195.58498,0.02912614,TRUE
292.197043,3088.092188,0.459872761,TRUE
292.263293,76.117955,0.01133534,TRUE
293.186717,112.697561,0.016782704,TRUE
293.206046,1344.396825,0.200204995,TRUE
293.474706,36.692719,0.005464209,TRUE
294.136104,27.832678,0.004144789,TRUE
294.187903,37.142723,0.005531223,TRUE
294.278585,1225.674794,0.182525138,TRUE
295.194226,153.53754,0.022864516,TRUE
295.226774,25.998548,0.003871654,TRUE
295.283204,122.829204,0.018291489,TRUE
296.212265,139.374461,0.020755377,TRUE
296.295157,492.15041,0.073290094,TRUE
297.299163,30.748642,0.004579029,TRUE
298.277426,27.24699,0.004057569,TRUE
298.345754,2063.24346,0.307254256,TRUE
299.125476,514.116804,0.076561288,TRUE
299.349132,269.281645,0.040100906,TRUE
299.792755,30.876702,0.004598099,TRUE
300.288559,55636.74597,8.285317421,TRUE
301.292812,10988.66873,1.636411456,TRUE
302.295366,1052.57004,0.15674671,TRUE
302.509081,26.062424,0.003881166,TRUE
303.305191,43.6222,0.006496134,TRUE
304.299647,3822.67843,0.569265935,TRUE
305.157565,118.955799,0.017714669,TRUE
305.303566,772.074568,0.114975863,TRUE
306.211576,36.179396,0.005387766,TRUE
306.278063,340.126262,0.05065095,TRUE
307.04307,1006.390234,0.149869702,TRUE
307.282579,47.756464,0.007111801,TRUE
307.593898,24.500527,0.003648571,TRUE
308.217956,70.263088,0.010463444,TRUE
308.29436,304.630968,0.045365059,TRUE
308.806769,26.273114,0.003912542,TRUE
309.227386,169.067905,0.025177268,TRUE
310.274513,63.600419,0.009471252,TRUE
310.309587,552.267451,0.082242609,TRUE
310.674707,25.62305,0.003815735,TRUE
311.256481,35.947815,0.00535328,TRUE
311.291722,25.806405,0.00384304,TRUE
312.198277,26.706391,0.003977064,TRUE
312.290331,2684.747999,0.399807519,TRUE
312.325747,65.496156,0.009753562,TRUE
312.361169,482.766114,0.071892603,TRUE
313.272403,62.900852,0.009367074,TRUE
313.29138,319.318073,0.047552235,TRUE
314.268649,28.737464,0.004279528,TRUE
314.304402,171.721704,0.025572467,TRUE
314.342546,38.220424,0.005691712,TRUE
316.285075,3716.32305,0.553427696,TRUE
316.711424,26.346565,0.00392348,TRUE
317.099982,25.003986,0.003723546,TRUE
317.11206,29.900005,0.004452651,TRUE
317.288484,607.588525,0.090480917,TRUE
317.699906,27.781351,0.004137145,TRUE
318.180101,26.390956,0.003930091,TRUE
318.279671,28.537078,0.004249687,TRUE
318.299105,125.243831,0.018651071,TRUE
320.295648,41.260423,0.006144423,TRUE
320.907127,26.621165,0.003964373,TRUE
321.131037,217.288907,0.032358247,TRUE
321.241848,79.387057,0.011822168,TRUE
321.31329,122.165159,0.018192601,TRUE
322.053745,83.371087,0.012415462,TRUE
322.271431,2728.687708,0.406350936,TRUE
322.31846,32.302717,0.004810459,TRUE
323.223921,228.956574,0.034095774,TRUE
323.25624,81.040363,0.012068375,TRUE
323.273645,394.398528,0.058733072,TRUE
324.243073,376.25102,0.05603058,TRUE
324.288036,299.378617,0.044582889,TRUE
325.139103,34.384606,0.00512049,TRUE
325.226903,49.219626,0.007329692,TRUE
325.244468,41.6033,0.006195484,TRUE
326.305977,1086.468973,0.161794874,TRUE
326.376592,1189.276403,0.177104759,TRUE
327.073889,36.726345,0.005469217,TRUE
327.233368,27.712516,0.004126895,TRUE
327.289086,27.884887,0.004152564,TRUE
327.309351,82.624581,0.012304294,TRUE
327.382827,44.668064,0.006651882,TRUE
327.603402,24.422157,0.003636901,TRUE
328.319906,149.106841,0.022204705,TRUE
329.209901,124.765055,0.018579773,TRUE
329.324921,30.409439,0.004528515,TRUE
329.596093,25.940113,0.003862952,TRUE
330.195906,131.865308,0.019637129,TRUE
331.209554,1194.403291,0.177868246,TRUE
331.227605,193.739649,0.028851337,TRUE
332.331522,22533.08289,3.355583454,TRUE
333.159834,65.661658,0.009778208,TRUE
333.334199,5328.311981,0.793481993,TRUE
333.751147,24.805108,0.003693929,TRUE
334.29435,27.538289,0.004100949,TRUE
334.336189,487.993006,0.072670982,TRUE
334.928016,26.87366,0.004001974,TRUE
335.174637,429.393204,0.063944412,TRUE
335.279664,49.659501,0.007395198,TRUE
336.177033,38.996414,0.005807271,TRUE
336.287808,4152.569416,0.618392667,TRUE
337.104485,78.185611,0.011643251,TRUE
337.292556,1114.396466,0.165953783,TRUE
338.24592,226.122248,0.033673691,TRUE
338.267211,42.043981,0.006261109,TRUE
338.341745,3394.260265,0.505466724,TRUE
339.00031,24.773634,0.003689242,TRUE
339.345021,556.770278,0.082913161,TRUE
340.344709,33.532301,0.004993566,TRUE
340.358139,76.662114,0.011416375,TRUE
340.393063,175.792478,0.026178678,TRUE
341.305657,80.507751,0.01198906,TRUE
341.319145,49.974708,0.007442138,TRUE
341.397388,29.355406,0.004371551,TRUE
342.297771,41.891171,0.006238353,TRUE
343.111981,25.554124,0.003805471,TRUE
343.212601,94.410188,0.014059384,TRUE
343.653677,25.529562,0.003801813,TRUE
344.057378,24.071091,0.003584621,TRUE
344.150221,36.690504,0.005463879,TRUE
344.210316,463.526548,0.069027484,TRUE
344.316886,57.971114,0.008632947,TRUE
345.215131,95.388431,0.014205062,TRUE
345.319423,22.957085,0.003418725,TRUE
346.309803,236.222023,0.03517773,TRUE
346.45321,27.283779,0.004063048,TRUE
347.182652,247.697198,0.036886591,TRUE
347.221399,2603.516941,0.387710746,TRUE
347.326602,193.83367,0.028865338,TRUE
348.069917,245.19236,0.036513576,TRUE
348.222758,550.376753,0.08196105,TRUE
348.325635,59.168027,0.008811189,TRUE
349.180998,44.359814,0.006605978,TRUE
349.42397,28.978755,0.004315461,TRUE
350.305822,96.394219,0.014354842,TRUE
352.181333,24.299153,0.003618583,TRUE
352.319916,305.459459,0.045488436,TRUE
353.266722,122.684988,0.018270013,TRUE
354.188833,29.004414,0.004319282,TRUE
354.300072,5848.914757,0.871009159,TRUE
354.408508,218.259963,0.032502855,TRUE
355.071622,26.176028,0.003898084,TRUE
355.283523,105.247308,0.015673227,TRUE
355.303578,1302.968071,0.194035504,TRUE
355.412475,63.242359,0.009417931,TRUE
356.279706,485.419958,0.072287808,TRUE
357.259862,27.375421,0.004076695,TRUE
358.188962,29.444484,0.004384816,TRUE
358.226665,1007.79025,0.15007819,TRUE
358.426883,35.116856,0.005229535,TRUE
359.229436,158.948848,0.023670357,TRUE
360.324186,884.795161,0.131761997,TRUE
360.362227,2494.269392,0.37144181,TRUE
361.221215,435.451137,0.064846548,TRUE
361.326968,82.842465,0.012336741,TRUE
361.365168,587.052121,0.087422675,TRUE
362.224797,44.017725,0.006555035,TRUE
362.301488,39.734959,0.005917254,TRUE
363.309579,28.01833,0.004172436,TRUE
365.099557,38.48944,0.005731774,TRUE
365.135372,30.140756,0.004488504,TRUE
365.156266,28.015091,0.004171954,TRUE
366.299235,133.821964,0.01992851,TRUE
367.269865,105.461379,0.015705106,TRUE
367.610346,24.973747,0.003719042,TRUE
368.277612,55.872832,0.008320475,TRUE
368.31692,62.112553,0.009249682,TRUE
368.425804,774.454234,0.115330238,TRUE
369.204523,27.264778,0.004060218,TRUE
369.353275,29.972393,0.004463431,TRUE
369.429204,229.732248,0.034211285,TRUE
370.293398,197.471191,0.029407031,TRUE
370.430608,45.63576,0.00679599,TRUE
371.099455,23.450893,0.003492262,TRUE
372.141443,24.22826,0.003608026,TRUE
372.242811,1100.680959,0.163911296,TRUE
372.310412,5329.19641,0.793613701,TRUE
372.34422,100.090141,0.014905232,TRUE
373.24643,168.793253,0.025136367,TRUE
373.314305,1063.458786,0.158368241,TRUE
373.474811,25.21785,0.003755394,TRUE
374.185982,39.478704,0.005879093,TRUE
375.098006,603.986382,0.089944493,TRUE
375.237896,488.25286,0.072709679,TRUE
375.359197,42.302869,0.006299662,TRUE
376.103842,46.989342,0.006997563,TRUE
376.259905,148.58102,0.0221264,TRUE
376.297375,79.910734,0.011900153,TRUE
376.319235,34.637624,0.005158168,TRUE
377.323718,39.849025,0.00593424,TRUE
377.866744,30.599656,0.004556842,TRUE
378.297603,26.398109,0.003931156,TRUE
379.281582,39.38836,0.005865639,TRUE
380.08231,28.099623,0.004184542,TRUE
380.253545,51.250861,0.00763218,TRUE
381.296127,112.570335,0.016763758,TRUE
382.189533,2329.097908,0.34684479,TRUE
382.295034,409.138489,0.060928118,TRUE
383.204791,1582.271021,0.235628763,TRUE
384.207991,136.426779,0.020316414,TRUE
384.311106,650.221948,0.096829804,TRUE
385.189262,28.394013,0.004228382,TRUE
385.292773,91.384276,0.013608771,TRUE
386.268462,27.722791,0.004128425,TRUE
386.326926,330.692198,0.049246047,TRUE
386.951372,25.260071,0.003761681,TRUE
389.116057,26.419021,0.00393427,TRUE
389.250721,505.072119,0.075214371,TRUE
390.000859,28.392799,0.004228201,TRUE
390.106315,34.31954,0.0051108,TRUE
390.182138,30.889026,0.004599934,TRUE
390.251386,26.897855,0.004005577,TRUE
391.070579,380.882294,0.05672026,TRUE
391.282403,35.47193,0.005282412,TRUE
392.197865,389.926135,0.058067052,TRUE
392.264328,30.660985,0.004565975,TRUE
393.199918,51.933179,0.007733789,TRUE
393.296664,34.78817,0.005180588,TRUE
393.490263,26.550138,0.003953796,TRUE
394.179031,25.437099,0.003788044,TRUE
394.292884,86.141652,0.012828049,TRUE
395.292895,26.967363,0.004015928,TRUE
396.776391,28.542244,0.004250456,TRUE
397.219681,681.625873,0.101506417,TRUE
398.220656,26.818533,0.003993764,TRUE
398.271654,26.623423,0.003964709,TRUE
398.302257,29.652541,0.004415799,TRUE
399.177648,1300.346635,0.193645125,TRUE
399.249306,1194.956515,0.177950631,TRUE
399.307329,26.68403,0.003973735,TRUE
400.179188,36.753813,0.005473307,TRUE
400.261392,84.165167,0.012533715,TRUE
404.244137,100.83578,0.015016271,TRUE
405.222939,74.223391,0.011053205,TRUE
411.274554,28.209474,0.004200901,TRUE
411.331649,89.734723,0.013363123,TRUE
412.339902,35.34017,0.00526279,TRUE
413.164983,31.424199,0.004679631,TRUE
413.193726,462.792964,0.06891824,TRUE
413.265597,127.009774,0.018914052,TRUE
413.776419,26.272252,0.003912413,TRUE
415.202359,28.224055,0.004203072,TRUE
419.212403,34.74818,0.005174632,TRUE
419.359316,23.879725,0.003556123,TRUE
421.231849,26.862913,0.004000373,TRUE
421.398327,30.393509,0.004526143,TRUE
424.411894,30.046838,0.004474517,TRUE
425.13471,30.540091,0.004547972,TRUE
425.213469,93.776163,0.013964966,TRUE
426.536897,28.121195,0.004187754,TRUE
428.302253,37.596598,0.005598813,TRUE
428.966612,26.017514,0.003874478,TRUE
429.240398,64.57346,0.009616156,TRUE
430.319071,29.653672,0.004415968,TRUE
430.976647,27.846202,0.004146803,TRUE
432.257883,29.375762,0.004374582,TRUE
432.330939,107.756067,0.016046827,TRUE
432.981572,26.930185,0.004010391,TRUE
434.0976,29.138152,0.004339198,TRUE
435.431656,25.543614,0.003803906,TRUE
435.917938,23.833941,0.003549305,TRUE
436.5962,25.611441,0.003814007,TRUE
437.373856,40.019029,0.005959557,TRUE
437.737996,25.999912,0.003871857,TRUE
438.039832,28.476714,0.004240698,TRUE
440.295802,28.800591,0.004288929,TRUE
443.231159,705.389612,0.105045267,TRUE
443.590649,25.339209,0.003773466,TRUE
444.234829,56.327286,0.008388151,TRUE
444.274886,72.421309,0.010784842,TRUE
447.294705,68.146237,0.010148207,TRUE
448.324398,108.468545,0.016152928,TRUE
448.588474,24.547998,0.003655641,TRUE
451.340545,92.339395,0.013751005,TRUE
455.221233,30.634469,0.004562026,TRUE
455.345908,34.522711,0.005141056,TRUE
455.807651,27.484823,0.004092987,TRUE
455.857611,25.151675,0.003745539,TRUE
457.280753,60.03659,0.008940534,TRUE
460.30338,29.626349,0.004411899,TRUE
461.306282,34.025724,0.005067046,TRUE
463.266485,54.866269,0.008170579,TRUE
464.634503,26.043594,0.003878362,TRUE
468.918426,27.893138,0.004153793,TRUE
471.378025,26.489465,0.00394476,TRUE
474.364896,51.412823,0.007656299,TRUE
478.323127,414.051325,0.061659729,TRUE
478.609672,29.571737,0.004403766,TRUE
478.75304,24.049119,0.003581349,TRUE
479.32716,59.343394,0.008837304,TRUE
480.550599,25.589139,0.003810685,TRUE
481.087326,28.095123,0.004183872,TRUE
482.281265,110.09609,0.016395298,TRUE
485.381683,30.853855,0.004594697,TRUE
486.481469,29.287819,0.004361486,TRUE
486.509012,28.312282,0.004216211,TRUE
488.322771,24.644097,0.003669952,TRUE
489.316793,38.203438,0.005689183,TRUE
489.692072,23.417879,0.003487346,TRUE
490.792595,28.417003,0.004231806,TRUE
492.317139,54.660825,0.008139985,TRUE
494.290413,101.488733,0.015113507,TRUE
494.492626,391.747379,0.058338268,TRUE
494.563195,25.365909,0.003777442,TRUE
497.270271,226.515652,0.033732276,TRUE
498.277478,28.236052,0.004204859,TRUE
502.481585,28.572693,0.004254991,TRUE
506.329461,26.578504,0.00395802,TRUE
508.578964,386.806541,0.057602488,TRUE
509.468206,367.325495,0.054701408,TRUE
509.591212,27.138181,0.004041366,TRUE
510.004842,39.889538,0.005940273,TRUE
510.581808,23.956917,0.003567618,TRUE
511.288319,27.439282,0.004086205,TRUE
513.247509,440.178954,0.065550605,TRUE
513.411698,38.933515,0.005797904,TRUE
514.253779,29.867754,0.004447849,TRUE
515.348082,81.294857,0.012106274,TRUE
518.298501,25.614002,0.003814388,TRUE
520.511464,40.42122,0.00601945,TRUE
521.574851,28.062342,0.00417899,TRUE
522.5955,294.351604,0.043834276,TRUE
523.973005,24.754637,0.003686413,TRUE
524.501893,26.433886,0.003936484,TRUE
527.261956,38.819098,0.005780866,TRUE
529.68384,27.075848,0.004032083,TRUE
536.61414,702.629357,0.104634215,TRUE
537.034489,25.816612,0.00384456,TRUE
537.540627,43.033624,0.006408485,TRUE
537.615276,162.33782,0.024175037,TRUE
540.248568,26.41608,0.003933832,TRUE
541.669538,27.444045,0.004086915,TRUE
546.293836,39.091844,0.005821482,TRUE
548.342474,26.979103,0.004017676,TRUE
550.629212,841.381869,0.125296973,TRUE
551.631042,158.880847,0.023660231,TRUE
564.499961,30.860374,0.004595668,TRUE
565.401844,27.10609,0.004036587,TRUE
575.939599,24.143043,0.003595336,TRUE
576.241275,26.176328,0.003898129,TRUE
579.879952,26.830604,0.003995562,TRUE
582.210716,26.844554,0.003997639,TRUE
587.297997,30.534434,0.004547129,TRUE
587.864654,25.703021,0.003827645,TRUE
592.069957,35.521774,0.005289834,TRUE
593.7313,29.23788,0.004354049,TRUE
597.668402,35.439338,0.005277558,TRUE
